{
  "metadata": {
    "format": "zigpy/open-coordinator-backup",
    "version": 1,
    "source": "zigbee-herdsman@0.14.96",
    "internal": {
      "date": "2023-03-18T20:48:00.115Z",
      "znpVersion": 1
    }
  },
  "stack_specific": {
    "zstack": {
      "tclk_seed": "28bc86ffcd1a750e4c64ef1b3b6f330b"
    }
  },
  "coordinator_ieee": "00124b00257cb246",
  "pan_id": "1a62",
  "extended_pan_id": "00124b0024c8d7bb",
  "nwk_update_id": 0,
  "security_level": 5,
  "channel": 15,
  "channel_mask": [
    15
  ],
  "network_key": {
    "key": "01030507090b0d0f00020406080a0c0d",
    "sequence_number": 0,
    "frame_counter": 2917578
  },
  "devices": [
    {
      "nwk_address": "5f55",
      "ieee_address": "000d6ffffe9c3ea8",
      "is_child": false,
      "link_key": {
        "key": "9351aff5d7d38bff6524e9f0b30be21b",
        "rx_counter": 0,
        "tx_counter": 7940
      }
    },
    {
      "nwk_address": "1b2c",
      "ieee_address": "bc33acfffe3025ec",
      "is_child": false,
      "link_key": {
        "key": "f6503eb29b43288783163bd6432acc71",
        "rx_counter": 0,
        "tx_counter": 7951
      }
    },
    {
      "nwk_address": "a723",
      "ieee_address": "5c0272fffec8ba7e",
      "is_child": false,
      "link_key": {
        "key": "56064e013268775232de27e5c41d3157",
        "rx_counter": 0,
        "tx_counter": 7775
      }
    },
    {
      "nwk_address": "5c8c",
      "ieee_address": "d0cf5efffec7e1fb",
      "is_child": false,
      "link_key": {
        "key": "f5ada311e465a0e3f0c97b780093d5a5",
        "rx_counter": 0,
        "tx_counter": 5132
      }
    },
    {
      "nwk_address": "7bdc",
      "ieee_address": "60a423fffef24b3b",
      "is_child": false,
      "link_key": {
        "key": "4e45be9a10389f0f0840da4279dc697a",
        "rx_counter": 0,
        "tx_counter": 7896
      }
    },
    {
      "nwk_address": "b442",
      "ieee_address": "60a423fffece99ad",
      "is_child": false,
      "link_key": {
        "key": "9e92e64279dc697ad897829a10389f0f",
        "rx_counter": 0,
        "tx_counter": 7896
      }
    },
    {
      "nwk_address": "e7f1",
      "ieee_address": "60a423fffef26f3c",
      "is_child": false,
      "link_key": {
        "key": "80e90d33e556aa2c5880e9c59010af48",
        "rx_counter": 0,
        "tx_counter": 7896
      }
    },
    {
      "nwk_address": "8bc8",
      "ieee_address": "b4e3f9fffef34402",
      "is_child": false,
      "link_key": {
        "key": "6d77f8d6437f1c791831fdb29b16f88f",
        "rx_counter": 0,
        "tx_counter": 5121
      }
    },
    {
      "nwk_address": "392e",
      "ieee_address": "588e81fffe6c99fd",
      "is_child": false,
      "link_key": {
        "key": "b1fd83e5c4eebd53d525ea01329bfb56",
        "rx_counter": 0,
        "tx_counter": 5132
      }
    },
    {
      "nwk_address": "9858",
      "ieee_address": "842e14fffe7f1823",
      "is_child": false,
      "link_key": {
        "key": "a5e7b2e48a1a62e0cc034491cc1f0638",
        "rx_counter": 0,
        "tx_counter": 7995
      }
    },
    {
      "nwk_address": "f08b",
      "ieee_address": "ec1bbdfffe9eed51",
      "is_child": false,
      "link_key": {
        "key": "24e3d29a10a6208362e6b6427942d6f6",
        "rx_counter": 0,
        "tx_counter": 7687
      }
    },
    {
      "nwk_address": "c2a5",
      "ieee_address": "804b50fffeef7a46",
      "is_child": false,
      "link_key": {
        "key": "b9b7f58bf11c2f6f5d4180cdf478f706",
        "rx_counter": 0,
        "tx_counter": 7973
      }
    },
    {
      "nwk_address": "6385",
      "ieee_address": "000d6ffffea20000",
      "is_child": false,
      "link_key": {
        "key": "cd1ad7f0b30be21b3b6f91f5d7d38bff",
        "rx_counter": 0,
        "tx_counter": 7940
      }
    },
    {
      "nwk_address": "9e47",
      "ieee_address": "000b57fffe9bad09",
      "is_child": false,
      "link_key": {
        "key": "1296f4cdf47fb786f660818bf11b6fef",
        "rx_counter": 0,
        "tx_counter": 7709
      }
    },
    {
      "nwk_address": "6e05",
      "ieee_address": "000b57fffe38a445",
      "is_child": false,
      "link_key": {
        "key": "214b23c590640028f922c733e522054c",
        "rx_counter": 0,
        "tx_counter": 7929
      }
    },
    {
      "nwk_address": "9787",
      "ieee_address": "000b57fffe13967e",
      "is_child": false,
      "link_key": {
        "key": "b38c66f0b333e41b45f920f5d7eb8dff",
        "rx_counter": 0,
        "tx_counter": 7929
      }
    },
    {
      "nwk_address": "2ae3",
      "ieee_address": "000b57fffe8edae5",
      "is_child": false,
      "link_key": {
        "key": "0ac1b591cc5c23bc632543e48a594764",
        "rx_counter": 0,
        "tx_counter": 7929
      }
    },
    {
      "nwk_address": "e7c8",
      "ieee_address": "588e81fffe76d0ad",
      "is_child": false,
      "link_key": {
        "key": "e1b499e5c4eebd53856cf001329bfb56",
        "rx_counter": 0,
        "tx_counter": 7687
      }
    },
    {
      "nwk_address": "81dc",
      "ieee_address": "000b57fffe978d3f",
      "is_child": false,
      "link_key": {
        "key": "31c1f311e46c643334a52b78009a1175",
        "rx_counter": 0,
        "tx_counter": 7918
      }
    },
    {
      "nwk_address": "3ce2",
      "ieee_address": "000b57fffe51eb27",
      "is_child": false,
      "link_key": {
        "key": "9b6dae33e522054c43044ac590640028",
        "rx_counter": 0,
        "tx_counter": 7918
      }
    },
    {
      "nwk_address": "5631",
      "ieee_address": "000b57fffeb829ec",
      "is_child": false,
      "link_key": {
        "key": "50af4733e522054c88c6a3c590640028",
        "rx_counter": 0,
        "tx_counter": 7918
      }
    },
    {
      "nwk_address": "4b51",
      "ieee_address": "000b57fffebdce17",
      "is_child": false,
      "link_key": {
        "key": "7321a6c590640028ab484233e522054c",
        "rx_counter": 0,
        "tx_counter": 7918
      }
    },
    {
      "nwk_address": "9eb4",
      "ieee_address": "000b57fffebfd68d",
      "is_child": false,
      "link_key": {
        "key": "40cccaf0b333e41bb6b98cf5d7eb8dff",
        "rx_counter": 0,
        "tx_counter": 7918
      }
    },
    {
      "nwk_address": "32e9",
      "ieee_address": "ec1bbdfffedfbba3",
      "is_child": false,
      "link_key": {
        "key": "b880b0cdf495a76a5c76c58bf1f17f03",
        "rx_counter": 0,
        "tx_counter": 5132
      }
    },
    {
      "nwk_address": "53d7",
      "ieee_address": "842e14fffe422e7a",
      "is_child": false,
      "link_key": {
        "key": "b73437f0b370c19f414171f5d7a8a87b",
        "rx_counter": 0,
        "tx_counter": 22
      }
    },
    {
      "nwk_address": "e4ce",
      "ieee_address": "000d6ffffec3aef6",
      "is_child": false,
      "link_key": {
        "key": "ed95accdf447b1860963d98bf12369ef",
        "rx_counter": 0,
        "tx_counter": 5132
      }
    },
    {
      "nwk_address": "8fc2",
      "ieee_address": "bc33acfffe9e1f16",
      "is_child": false,
      "link_key": {
        "key": "aa996133e5d93df072f085c5909f3894",
        "rx_counter": 0,
        "tx_counter": 22
      }
    },
    {
      "nwk_address": "675f",
      "ieee_address": "bc33acfffea1e1c6",
      "is_child": true,
      "link_key": {
        "key": "cdc91d78006129c9c8adc511e4975c8f",
        "rx_counter": 0,
        "tx_counter": 22
      }
    },
    {
      "nwk_address": "70bb",
      "ieee_address": "ccccccfffe924b3c",
      "is_child": false,
      "link_key": {
        "key": "14f7140132d6b9c2702f7de5c4a3ffc7",
        "rx_counter": 0,
        "tx_counter": 5132
      }
    },
    {
      "nwk_address": "5b17",
      "ieee_address": "70ac08fffeee86c6",
      "is_child": false,
      "link_key": {
        "key": "b388a29a1013971ff58dc64279f7616a",
        "rx_counter": 0,
        "tx_counter": 5099
      }
    },
    {
      "nwk_address": "6261",
      "ieee_address": "bc33acfffea1daa2",
      "is_child": false,
      "link_key": {
        "key": "eebe4ee5c4c300b78a66270132b646b2",
        "rx_counter": 0,
        "tx_counter": 5132
      }
    },
    {
      "nwk_address": "0a33",
      "ieee_address": "000b57fffef3701e",
      "is_child": false,
      "link_key": {
        "key": "7143f8d643d1f4cd0405fdb29bb8103b",
        "rx_counter": 0,
        "tx_counter": 5142
      }
    },
    {
      "nwk_address": "f17a",
      "ieee_address": "bc33acfffebcb527",
      "is_child": false,
      "link_key": {
        "key": "3dc0b2b29b4328874886b7d6432acc71",
        "rx_counter": 0,
        "tx_counter": 5132
      }
    },
    {
      "nwk_address": "06c8",
      "ieee_address": "bc33acfffe98c391",
      "is_child": false,
      "link_key": {
        "key": "b97f1e0132b646b2dda777e5c4c300b7",
        "rx_counter": 0,
        "tx_counter": 5132
      }
    },
    {
      "nwk_address": "dcad",
      "ieee_address": "d0cf5efffed992d0",
      "is_child": false,
      "link_key": {
        "key": "2f5fc38bf112ab3fcba9b6cdf4767356",
        "rx_counter": 0,
        "tx_counter": 5132
      }
    }
  ]
}