{
    "0x60a423fffef26f3c": {
        "occupancy": false,
        "illuminance_above_threshold": false,
        "battery": 47,
        "update": {
            "state": "idle",
            "installed_version": 537011747,
            "latest_version": 537011747
        },
        "linkquality": 25,
        "voltage": 3000,
        "last_seen": "2023-03-18T20:44:22.706Z"
    },
    "0x000d6ffffea20000": {
        "battery": 87,
        "update": {
            "state": "idle",
            "installed_version": 587699761,
            "latest_version": 587699761
        },
        "linkquality": 156,
        "last_seen": "2023-03-04T15:02:14.029Z"
    },
    "0x588e81fffe6c99fd": {
        "state": "OFF",
        "update": {
            "state": "idle",
            "installed_version": 587753009,
            "latest_version": 587753009
        },
        "power_on_behavior": "off",
        "linkquality": 18,
        "brightness": 254,
        "level_config": {
            "on_level": "previous"
        },
        "last_seen": "2023-03-18T20:34:44.251Z"
    },
    "0xd0cf5efffec7e1fb": {
        "update": {
            "state": "idle",
            "installed_version": 587753009,
            "latest_version": 587753009
        },
        "state": "OFF",
        "power_on_behavior": "off",
        "linkquality": 58,
        "brightness": 254,
        "level_config": {
            "on_level": "previous"
        },
        "last_seen": "2023-03-18T20:39:18.111Z"
    },
    "0x60a423fffef24b3b": {
        "battery": 60,
        "occupancy": true,
        "illuminance_above_threshold": false,
        "linkquality": 149,
        "update": {
            "state": "idle",
            "installed_version": 537011747,
            "latest_version": 537011747
        },
        "last_seen": "2023-03-18T20:44:53.868Z"
    },
    "0x60a423fffece99ad": {
        "occupancy": false,
        "illuminance_above_threshold": false,
        "linkquality": 65,
        "battery": 74,
        "update": {
            "state": "idle",
            "installed_version": 537011747,
            "latest_version": 537011747
        },
        "last_seen": "2023-03-18T20:20:58.539Z"
    },
    "0x588e81fffe76d0ad": {
        "update": {
            "state": "idle",
            "installed_version": 587753009,
            "latest_version": 587753009
        },
        "state": "ON",
        "power_on_behavior": "off",
        "brightness": 254,
        "linkquality": 47,
        "last_seen": "2023-03-18T20:45:51.489Z"
    },
    "0x842e14fffe7f1823": {
        "update": {
            "state": "idle",
            "installed_version": 587753009,
            "latest_version": 587753009
        },
        "state": "ON",
        "brightness": 254,
        "linkquality": 43,
        "last_seen": "2023-03-18T20:45:51.416Z"
    },
    "0x000d6ffffe9c3ea8": {
        "battery": 87,
        "update": {
            "state": "idle",
            "installed_version": 587699761,
            "latest_version": 587699761
        },
        "linkquality": 123,
        "last_seen": "2023-03-18T11:05:20.717Z"
    },
    "0x804b50fffeef7a46": {
        "battery": 87,
        "update": {
            "state": "idle",
            "installed_version": 587699761,
            "latest_version": 587699761
        },
        "linkquality": 94,
        "last_seen": "2023-03-18T07:47:23.707Z"
    },
    "0xbc33acfffe3025ec": {
        "state": "ON",
        "update": {
            "state": "idle",
            "installed_version": 587753009,
            "latest_version": 587753009
        },
        "linkquality": 76,
        "brightness": 254,
        "last_seen": "2023-03-18T20:45:51.496Z"
    },
    "0x000b57fffe9bad09": {
        "battery": 40,
        "occupancy": true,
        "illuminance_above_threshold": false,
        "update": {
            "state": "idle",
            "installed_version": 604241925,
            "latest_version": 604241925
        },
        "linkquality": 25,
        "last_seen": "2023-03-18T20:42:51.063Z"
    },
    "0x000b57fffe13967e": {
        "battery": 60,
        "update": {
            "state": "idle",
            "installed_version": 587367985,
            "latest_version": 587367985
        },
        "linkquality": 40,
        "last_seen": "2023-03-18T20:38:38.592Z",
        "voltage": 0
    },
    "0x000b57fffe38a445": {
        "battery": 60,
        "update": {
            "state": "available",
            "installed_version": 587728433,
            "latest_version": 604241925
        },
        "linkquality": 58,
        "last_seen": "2023-03-18T04:44:45.261Z"
    },
    "0x000b57fffe8edae5": {
        "battery": 87,
        "occupancy": false,
        "illuminance_above_threshold": false,
        "update": {
            "state": "available",
            "installed_version": 304170354,
            "latest_version": 604241925
        },
        "linkquality": 47,
        "last_seen": "2023-03-18T20:46:00.126Z"
    },
    "0xbc33acfffebd4750": {
        "color_mode": "xy",
        "state": "OFF",
        "color": {
            "x": 0.3818,
            "y": 0.3797,
            "hue": 41,
            "saturation": 51,
            "h": 41,
            "s": 51
        },
        "brightness": 254,
        "linkquality": 18,
        "update": {
            "state": "idle",
            "installed_version": 587806257,
            "latest_version": 587806257
        },
        "power_on_behavior": "off",
        "level_config": {
            "on_level": "previous"
        },
        "color_temp": 251,
        "last_seen": "2023-03-18T20:45:50.193Z"
    },
    "0x000b57fffe978d3f": {
        "linkquality": 61,
        "update": {
            "state": "idle",
            "installed_version": 587810353,
            "latest_version": 587810353
        },
        "state": "OFF",
        "brightness": 254,
        "last_seen": "2023-03-18T20:38:56.010Z"
    },
    "0x000b57fffe51eb27": {
        "update": {
            "state": "idle",
            "installed_version": 587810353,
            "latest_version": 587810353
        },
        "state": "OFF",
        "brightness": 254,
        "linkquality": 0,
        "power_on_behavior": "off",
        "last_seen": "2023-03-18T20:38:56.902Z"
    },
    "0x000b57fffeb829ec": {
        "update": {
            "state": "idle",
            "installed_version": 587810353,
            "latest_version": 587810353
        },
        "state": "OFF",
        "brightness": 254,
        "linkquality": 18,
        "last_seen": "2023-03-18T20:38:56.012Z"
    },
    "0xec1bbdfffe9eed51": {
        "battery": 87,
        "linkquality": 43,
        "update": {
            "state": "idle",
            "installed_version": 587699761,
            "latest_version": 587699761
        },
        "last_seen": "2023-03-18T06:05:18.035Z"
    },
    "0x000b57fffebfd68d": {
        "update": {
            "state": "idle",
            "installed_version": 587810353,
            "latest_version": 587810353
        },
        "state": "OFF",
        "brightness": 254,
        "level_config": {
            "on_level": "previous"
        },
        "linkquality": 14,
        "last_seen": "2023-03-18T20:38:57.914Z"
    },
    "0x000b57fffebdce17": {
        "update": {
            "state": "idle",
            "installed_version": 587810353,
            "latest_version": 587810353
        },
        "state": "OFF",
        "brightness": 254,
        "linkquality": 61,
        "last_seen": "2023-03-18T20:38:55.691Z"
    },
    "0xec1bbdfffedfbba3": {
        "last_seen": "2023-03-18T20:41:50.277Z",
        "update": {
            "state": "idle",
            "installed_version": 587753009,
            "latest_version": 587753009
        },
        "brightness": 238,
        "state": "OFF",
        "linkquality": 80
    },
    "0x842e14fffe422e7a": {
        "update": {
            "state": "idle",
            "installed_version": 33816581,
            "latest_version": 581
        },
        "last_seen": "2023-03-18T20:42:30.425Z",
        "linkquality": 167,
        "battery": 100
    },
    "0x000d6ffffec3aef6": {
        "state": "OFF",
        "update": {
            "state": "idle",
            "installed_version": 587753009,
            "latest_version": 587753009
        },
        "brightness": 238,
        "last_seen": "2023-03-18T20:41:50.271Z",
        "linkquality": 109
    },
    "0xbc33acfffe9e1f16": {
        "color_mode": "xy",
        "brightness": 254,
        "state": "ON",
        "update": {
            "state": "idle",
            "installed_version": 587806257,
            "latest_version": 587806257
        },
        "last_seen": "2023-03-18T20:41:55.815Z",
        "linkquality": 131,
        "color_temp": 436,
        "color": {
            "x": 0.4957,
            "y": 0.4152
        }
    },
    "0xbc33acfffea1e1c6": {
        "color_mode": "xy",
        "brightness": 195,
        "state": "ON",
        "update": {
            "state": "idle",
            "installed_version": 587806257,
            "latest_version": 587806257
        },
        "last_seen": "2023-03-18T20:40:39.108Z",
        "linkquality": 160,
        "color_temp": 414,
        "color": {
            "x": 0.62,
            "y": 0.34
        }
    },
    "0xccccccfffe924b3c": {
        "update": {
            "state": "idle",
            "installed_version": 587699761,
            "latest_version": 587699761
        },
        "battery": 60,
        "last_seen": "2023-03-18T03:58:04.797Z",
        "linkquality": 47
    },
    "0x70ac08fffeee86c6": {
        "last_seen": "2023-03-18T20:39:21.762Z",
        "color_mode": "color_temp",
        "update": {
            "state": "idle",
            "installed_version": 268572245,
            "latest_version": 268572245
        },
        "linkquality": 29,
        "state": "ON",
        "brightness": 244,
        "color_temp": 434,
        "color": {
            "x": 0.4957,
            "y": 0.4152
        }
    },
    "0xbc33acfffea1daa2": {
        "color_mode": "color_temp",
        "brightness": 142,
        "state": "ON",
        "update": {
            "state": "idle",
            "installed_version": 587806257,
            "latest_version": 587806257
        },
        "last_seen": "2023-03-18T20:37:25.874Z",
        "linkquality": 40,
        "color": {
            "x": 0.4957,
            "y": 0.4152
        },
        "color_temp": 434
    },
    "0xbc33acfffebcb527": {
        "color_mode": "color_temp",
        "update": {
            "state": "idle",
            "installed_version": 587806257,
            "latest_version": 587806257
        },
        "brightness": 236,
        "state": "OFF",
        "last_seen": "2023-03-18T20:44:11.213Z",
        "linkquality": 87,
        "color": {
            "x": 0.3804,
            "y": 0.3767
        },
        "color_temp": 250
    },
    "0x000b57fffef3701e": {
        "last_seen": "2023-03-18T18:57:13.486Z",
        "linkquality": 83,
        "update": {
            "state": "idle",
            "installed_version": 604241925,
            "latest_version": 604241925
        },
        "battery": 90
    },
    "0xbc33acfffe98c391": {
        "color_mode": "color_temp",
        "update": {
            "state": "idle",
            "installed_version": 587806257,
            "latest_version": 587806257
        },
        "last_seen": "2023-03-18T20:38:39.767Z",
        "linkquality": 61,
        "brightness": 238,
        "state": "ON",
        "color_temp": 250,
        "color": {
            "x": 0.3804,
            "y": 0.3767
        }
    },
    "0xd0cf5efffed992d0": {
        "update": {
            "state": "idle",
            "installed_version": 587753009,
            "latest_version": 587753009
        },
        "linkquality": 51,
        "last_seen": "2023-03-05T23:50:10.854Z"
    },
    "0xb4e3f9fffef34402": {
        "update": {
            "state": "idle",
            "installed_version": 65572,
            "latest_version": 581
        },
        "last_seen": "2023-03-18T10:40:16.130Z",
        "linkquality": 69,
        "battery": 100
    }
}